Workbook

Sheet Приложение 4
A1: № | B1: Группа | C1: Ед. | D1: Расценка | E1: Что входит
B2: 类别 | C2: 单位 | D2: 单价 | E2: 包含内容
A3: 1 | B3: Технологическое оборудование | C3: т | D3: USD/т | E3: Мельница, сепараторы, фильтры, дымососы, дозаторы, горелки, насосы, компрессоры, элеватор, конвейеры, питатели, затворы, клапаны
B4: 工艺设备 | C4: 吨 | D4: 美元/吨 | E4: 磨机、选粉机、收尘器、引风机、计量器、燃烧器、泵、压缩机、提升机、输送机、给料机、闸板、阀门
A5: 2 | B5: Металлоконструкции | C5: т | D5: USD/т | E5: Этажерки, площадки, лестницы, опоры, рамы, силосы, бункеры, навесы, газоходные опоры, лотки, жёлоба, переходники, защитная обшивка (оцинк. лист)
B6: 金属结构 | C6: 吨 | D6: 美元/吨 | E6: 支架、平台、楼梯、支柱、框架、料仓、料斗、雨棚、烟道支架、托架、溜槽、过渡件、保护外壳（镀锌板）
A7: 3 | B7: Трубопроводы и газоходы | C7: т | D7: USD/т | E7: Технологические трубопроводы, газоходы, углепроводы, воздуховоды, арматура, компенсаторы
B8: 管道与烟道 | C8: 吨 | D8: 美元/吨 | E8: 工艺管道、烟道、输煤管道、风管、管件、补偿器
A9: 4 | B9: Термоизоляция | C9: м² | D9: USD/м³ | E9: Минеральная вата на газоходах/дымососах/фильтрах
B10: 保温隔热 | C10: m² | D10: 美元/m³ | E10: 烟道/引风机/收尘器上的矿棉
A11: 5 | B11: Демонтаж | C11: т | D11: USD/т (пониж.) | E11: Демонтаж существующих горелок, площадок, фахверка
B12: 拆除 | C12: 吨 | D12: 美元/吨（降序） | E12: 拆除现有燃烧器、平台、填充墙框架
A13: 6 | B13: Электромонтаж и КИПиА | C13: к-т | D13: фикс. сумма | E13: Шкафы, кабель, лотки, датчики, газоанализаторы, шиберы (шт), взрывозащита, заземление
B14: 电气安装与自控仪表 | C14: 套 | D14: 固定金额 | E14: 柜体、电缆、桥架、传感器、气体分析仪、闸板（个）、防爆、接地
A15: 7 | B15: Инертизация и пожаротушение | C15: — | D15: фикс. сумма | E15: Опоры, баллоны, короба, трубопроводы азота/инертизации
B16: 惰性化与消防灭火 | D16: 固定金额 | E16: 支架、气瓶、箱体、氮气/惰性化管道
A17: 8 | B17: Ограждающие конструкции | C17: м² | D17: USD/т | E17: Сэндвич-панели, профнастил (стены, кровля)
B18: 围护结构 | C18: m² | D18: 美元/吨 | E18: 夹芯板、压型板（墙体、屋面）
A19: 9 | B19: Железобетонные конструкции | C19: м³ | D19: USD/т | E19: Плиты, отмостка, цоколь, топпинг, двери, окна, ворота
B20: 钢筋混凝土结构 | C20: m³ | D20: 美元/吨 | E20: 楼板、散水、勒脚、面层、门、窗、大门

Sheet Приложение №1
A1: № | B1: Код оборудования | C1: Наименование работы | D1: Зона ответственности | E1: Категория | F1: Объем | H1: Проект | I1: Цена за ед., Дол. США | J1: Сумма
B2: 设备代码 | C2: 工作名称 | D2: 责任区域 | E2: 类别 | F2: 工程量 | H2: 项目 | I2: 单价（美元） | J2: 金额
F3: Ед. изм. | G3: Кол-во
F4: 计量单位 | G4: 数量
A5: 1 | C5: 2 | D5: 3 | E5: 4 | F5: 5 | G5: 6 | H5: 7 | I5: 8 | J5: 9
A6: 1. | B6: Монтаж технологического оборудования поставки Agico Cement | F6: т | G6: =SUM(G8:G358) -> 473.08 | J6: =SUM(J8:J358) -> 0
B7: 安装AGICO供货的工艺设备
A8: 1.1 | B8: L01-IP50.IP10 | C8: Блок инертизации 1 (угольная мельница) | D8: Исполнитель | E8: Технологическое оборудование | F8: =VLOOKUP($E8,'Приложение 4'!$B$3:$C$19,2,FALSE) -> т | G8: 2.2 | I8: 0 | J8: =G8*I8 -> 0
C9: 惰性化装置1（煤磨） | D9: 施工方 | E9: 工艺设备
A10: 1.2 | B10: L01-IP50.IP20 | C10: Блок инертизации2 (200 m³ силос) | D10: Исполнитель | E10: Технологическое оборудование | F10: =VLOOKUP($E10,'Приложение 4'!$B$3:$C$19,2,FALSE) -> т | G10: 2.2 | I10: 0 | J10: =G10*I10 -> 0
C11: 惰性化装置2（200 m³料仓） | D11: 施工方 | E11: 工艺设备
A12: 1.3 | B12: L01-IP50.IP30 | C12: Блок инертизации 3 (силос 100 м3) | D12: Исполнитель | E12: Технологическое оборудование | F12: =VLOOKUP($E12,'Приложение 4'!$B$3:$C$19,2,FALSE) -> т | G12: 2.2 | I12: 0 | J12: =G12*I12 -> 0
C13: 惰性化装置3（100 m³料仓） | D13: 施工方 | E13: 工艺设备
A14: 1.4 | B14: L01-CP70 | C14: Компрессор инструментального воздуха угольного передела | D14: Исполнитель | E14: Технологическое оборудование | F14: =VLOOKUP($E14,'Приложение 4'!$B$3:$C$19,2,FALSE) -> т | G14: 0.8 | I14: 0 | J14: =G14*I14 -> 0
C15: 煤粉工段仪表空气压缩机 | D15: 施工方 | E15: 工艺设备
A16: 1.5 | B16: L11-BF07 | C16: Рукавный фильтр приемного устройства 64-5 тип | D16: Исполнитель | E16: Технологическое оборудование | F16: =VLOOKUP($E16,'Приложение 4'!$B$3:$C$19,2,FALSE) -> т | G16: 10 | I16: 0 | J16: =G16*I16 -> 0
C17: 受料装置袋收尘器 64-5型 | D17: 施工方 | E17: 工艺设备
A18: 1.6 | B18: L11-BF07.FA10 | C18: Вентилятор Рукавного фильтра приемного устройства | D18: Исполнитель | E18: Технологическое оборудование | F18: =VLOOKUP($E18,'Приложение 4'!$B$3:$C$19,2,FALSE) -> т | G18: 1.2 | I18: 0 | J18: =G18*I18 -> 0
C19: 受料装置袋收尘器风机 | D19: 施工方 | E19: 工艺设备
A20: 1.7 | B20: L11-BF07.RF10 | C20: Ячейковый питатель Рукавного фильтра приемного устройства | D20: Исполнитель | E20: Технологическое оборудование | F20: =VLOOKUP($E20,'Приложение 4'!$B$3:$C$19,2,FALSE) -> т | G20: 0.2 | I20: 0 | J20: =G20*I20 -> 0
C21: 受料装置袋收尘器分格轮给料机 | D21: 施工方 | E21: 工艺设备
A22: 1.8 | B22: L11-CP11 | C22: Компрессор инструментального воздуха приемного устройства | D22: Исполнитель | E22: Технологическое оборудование | F22: =VLOOKUP($E22,'Приложение 4'!$B$3:$C$19,2,FALSE) -> т | G22: 0.8 | I22: 0 | J22: =G22*I22 -> 0
C23: 受料装置仪表空气压缩机 | D23: 施工方 | E23: 工艺设备
A24: 1.9 | B24: L11-BM15 | C24: Устройство разгрузочное в базисный склад (передвижная тележка) | D24: Исполнитель | E24: Технологическое оборудование | F24: =VLOOKUP($E24,'Приложение 4'!$B$3:$C$19,2,FALSE) -> т | G24: 6.5 | I24: 0 | J24: =G24*I24 -> 0
C25: 基础库卸料装置（移动台车） | D25: 施工方 | E25: 工艺设备
A26: 1.10 | B26: L41-DU21.DA10 | C26: Жалюзийная заслонка регулировки горячего воздуха от холодильника ПОК №1 | D26: Исполнитель | E26: Технологическое оборудование | F26: =VLOOKUP($E26,'Приложение 4'!$B$3:$C$19,2,FALSE) -> т | G26: 0.8 | I26: 0 | J26: =G26*I26 -> 0
C27: 来自冷却机POK№1的热空气调节百叶阀 | D27: 施工方 | E27: 工艺设备
A28: 1.11 | B28: L41-DU22.DA10 | C28: Жалюзийная заслонка регулировки горячего воздуха от холодильника ПОК №1 | D28: Исполнитель | E28: Технологическое оборудование | F28: =VLOOKUP($E28,'Приложение 4'!$B$3:$C$19,2,FALSE) -> т | G28: 0.8 | I28: 0 | J28: =G28*I28 -> 0
C29: 来自冷却机POK№1的热空气调节百叶阀 | D29: 施工方 | E29: 工艺设备
A30: 1.12 | B30: L41-DA23 | C30: Направляющий аппарат бустер-вентилятора | D30: Исполнитель | E30: Технологическое оборудование | F30: =VLOOKUP($E30,'Приложение 4'!$B$3:$C$19,2,FALSE) -> т | G30: 0.8 | I30: 0 | J30: =G30*I30 -> 0
C31: 增压风机导流装置 | D31: 施工方 | E31: 工艺设备
A32: 1.13 | B32: L41-FN24 | C32: Бустер-вентилятор | D32: Исполнитель | E32: Технологическое оборудование | F32: =VLOOKUP($E32,'Приложение 4'!$B$3:$C$19,2,FALSE) -> т | G32: 3.5 | I32: 0 | J32: =G32*I32 -> 0
C33: 增压风机 | D33: 施工方 | E33: 工艺设备
A34: 1.14 | B34: L41-FN24.MT10 | C34: Электродвигатель | D34: Исполнитель | E34: Технологическое оборудование | F34: =VLOOKUP($E34,'Приложение 4'!$B$3:$C$19,2,FALSE) -> т | G34: 0 | I34: 0 | J34: =G34*I34 -> 0
C35: 电动机 | D35: 施工方 | E35: 工艺设备
A36: 1.15 | B36: L41-CN30 | C36: Циклон ПОК 1 (Заказчику предоставляется полная техническая документация для изготовления, КМД. В формате dwg.) | D36: Исполнитель | E36: Технологическое оборудование | F36: =VLOOKUP($E36,'Приложение 4'!$B$3:$C$19,2,FALSE) -> т | I36: 0 | J36: =G36*I36 -> 0
C37: POK1旋风筒 （向业主提供完整的技术制造文件，KMD。格式为dwg。） | D37: 施工方 | E37: 工艺设备
A38: 1.16 | B38: L41-CN30.RF10 | C38: Питатель ячейковый1 с двигателем | D38: Исполнитель | E38: Технологическое оборудование | F38: =VLOOKUP($E38,'Приложение 4'!$B$3:$C$19,2,FALSE) -> т | G38: 0.2 | I38: 0 | J38: =G38*I38 -> 0
C39: 分格轮给料机1（含电机） | D39: 施工方 | E39: 工艺设备
A40: 1.17 | B40: L41-CN30.MR10 | C40: Мотор-редуктор Питателя ячейковый | D40: Исполнитель | E40: Технологическое оборудование | F40: =VLOOKUP($E40,'Приложение 4'!$B$3:$C$19,2,FALSE) -> т | G40: 0 | I40: 0 | J40: =G40*I40 -> 0
C41: 分格轮给料机减速电机 | D41: 施工方 | E41: 工艺设备
A42: 1.18 | B42: L41-CN30.SD10 | C42: Задвижка шиберно-ножевая ДУ1300 на входе циклона №1 | D42: Исполнитель | E42: Технологическое оборудование | F42: =VLOOKUP($E42,'Приложение 4'!$B$3:$C$19,2,FALSE) -> т | G42: 1 | I42: 0 | J42: =G42*I42 -> 0
C43: 旋风筒№1入口DN1300刀型插板阀 | D43: 施工方 | E43: 工艺设备
A44: 1.19 | B44: L41-DA31 | C44: Жалюзийная заслонка газохода от кальцинатора печи №1 | D44: Исполнитель | E44: Технологическое оборудование | F44: =VLOOKUP($E44,'Приложение 4'!$B$3:$C$19,2,FALSE) -> т | G44: 0.7 | I44: 0 | J44: =G44*I44 -> 0
C45: 窑№1分解炉烟道百叶阀 | D45: 施工方 | E45: 工艺设备
A46: 1.20 | B46: L41-DA31.SV10 | C46: сервопривод Шибер газохода от кальцинатора печи №1 | D46: Исполнитель | E46: Технологическое оборудование | F46: =VLOOKUP($E46,'Приложение 4'!$B$3:$C$19,2,FALSE) -> т | G46: 0 | I46: 0 | J46: =G46*I46 -> 0
C47: 窑№1分解炉烟道闸板伺服执行器 | D47: 施工方 | E47: 工艺设备
A48: 1.21 | B48: L41-CN33 | C48: Циклон ПОК 1 (Заказчику предоставляется полная техническая документация для изготовления, КМД. В формате dwg.) | D48: Исполнитель | E48: Технологическое оборудование | F48: =VLOOKUP($E48,'Приложение 4'!$B$3:$C$19,2,FALSE) -> т | I48: 0 | J48: =G48*I48 -> 0
C49: POK1旋风筒（向业主提供完整的技术制造文件，KMD。格式为dwg。） | D49: 施工方 | E49: 工艺设备
A50: 1.22 | B50: L41-CN33.RF10 | C50: Питатель ячейковый 2 с двигателем | D50: Исполнитель | E50: Технологическое оборудование | F50: =VLOOKUP($E50,'Приложение 4'!$B$3:$C$19,2,FALSE) -> т | G50: 0.2 | I50: 0 | J50: =G50*I50 -> 0
C51: 分格轮给料机2（含电机） | D51: 施工方 | E51: 工艺设备
A52: 1.23 | B52: L41-CN33.MR10 | C52: Мотор-редуктор Питателя ячейковый2 | D52: Исполнитель | E52: Технологическое оборудование | F52: =VLOOKUP($E52,'Приложение 4'!$B$3:$C$19,2,FALSE) -> т | G52: 0 | I52: 0 | J52: =G52*I52 -> 0
C53: 分格轮给料机2减速电机 | D53: 施工方 | E53: 工艺设备
A54: 1.24 | B54: L41-CN33.SD10 | C54: Задвижка шиберно-ножевая ДУ1300 на входе циклона №2 | D54: Исполнитель | E54: Технологическое оборудование | F54: =VLOOKUP($E54,'Приложение 4'!$B$3:$C$19,2,FALSE) -> т | G54: 1 | I54: 0 | J54: =G54*I54 -> 0
C55: 旋风筒№2入口DN1300刀型插板阀 | D55: 施工方 | E55: 工艺设备
A56: 1.25 | B56: L41-DA34 | C56: Жалюзийная заслонка газохода от кальцинатора печи №2 | D56: Исполнитель | E56: Технологическое оборудование | F56: =VLOOKUP($E56,'Приложение 4'!$B$3:$C$19,2,FALSE) -> т | G56: 0.8 | I56: 0 | J56: =G56*I56 -> 0
C57: 窑№2分解炉烟道百叶阀 | D57: 施工方 | E57: 工艺设备
A58: 1.26 | B58: L41-DA34.SV10 | C58: сервопривод Шибер газохода от кальцинатора печи №2 | D58: Исполнитель | E58: Технологическое оборудование | F58: =VLOOKUP($E58,'Приложение 4'!$B$3:$C$19,2,FALSE) -> т | G58: 0 | I58: 0 | J58: =G58*I58 -> 0
C59: 窑№2分解炉烟道闸板伺服执行器 | D59: 施工方 | E59: 工艺设备
A60: 1.27 | B60: L41-FN37 | C60: Бустер-вентилятор | D60: Исполнитель | E60: Технологическое оборудование | F60: =VLOOKUP($E60,'Приложение 4'!$B$3:$C$19,2,FALSE) -> т | G60: 3 | I60: 0 | J60: =G60*I60 -> 0
C61: 增压风机 | D61: 施工方 | E61: 工艺设备
A62: 1.28 | B62: L41-FN37.MT10 | C62: Электродвигатель Бастер-вентилятора | D62: Исполнитель | E62: Технологическое оборудование | F62: =VLOOKUP($E62,'Приложение 4'!$B$3:$C$19,2,FALSE) -> т | G62: 0 | I62: 0 | J62: =G62*I62 -> 0
C63: 增压风机电动机 | D63: 施工方 | E63: 工艺设备
A64: 1.29 | B64: L41-DA39 | C64: Жалюзийная заслонка подачи горячих газов на шаровую мельницу со сервоприводом | D64: Исполнитель | E64: Технологическое оборудование | F64: =VLOOKUP($E64,'Приложение 4'!$B$3:$C$19,2,FALSE) -> т | G64: 0.8 | I64: 0 | J64: =G64*I64 -> 0
C65: 向球磨机供送热气体百叶阀（含伺服执行器） | D65: 施工方 | E65: 工艺设备
A66: 1.30 | B66: L41-DA39.SV10 | C66: Сервопривод жалюзийной заслонка подачи горячих газов на шаровую мельницу со сервоприводом | D66: Исполнитель | E66: Технологическое оборудование | F66: =VLOOKUP($E66,'Приложение 4'!$B$3:$C$19,2,FALSE) -> т | G66: 0 | I66: 0 | J66: =G66*I66 -> 0
C67: 向球磨机供送热气体百叶阀伺服执行器 | D67: 施工方 | E67: 工艺设备
A68: 1.31 | B68: L41-DA40 | C68: Жалюзийная заслонка подачи свежего воздуха на шаровую мельницу со сервоприводом | D68: Исполнитель | E68: Технологическое оборудование | F68: =VLOOKUP($E68,'Приложение 4'!$B$3:$C$19,2,FALSE) -> т | G68: 0.6 | I68: 0 | J68: =G68*I68 -> 0
C69: 向球磨机供送新鲜空气百叶阀（含伺服执行器） | D69: 施工方 | E69: 工艺设备
A70: 1.32 | B70: L41-DA40.SV10 | C70: Жалюзийная заслонкаподачи свежего воздуха на шаровую мельницу со сервоприводом | D70: Исполнитель | E70: Технологическое оборудование | F70: =VLOOKUP($E70,'Приложение 4'!$B$3:$C$19,2,FALSE) -> т | G70: 0 | I70: 0 | J70: =G70*I70 -> 0
C71: 向球磨机供送新鲜空气百叶阀（含伺服执行器） | D71: 施工方 | E71: 工艺设备
A72: 1.33 | B72: L51-BC43 | C72: Питатель ленточный бункера СБ №2 | D72: Исполнитель | E72: Технологическое оборудование | F72: =VLOOKUP($E72,'Приложение 4'!$B$3:$C$19,2,FALSE) -> т | G72: 5 | I72: 0 | J72: =G72*I72 -> 0
C73: SB№2料仓皮带给料机 | D73: 施工方 | E73: 工艺设备
A74: 1.34 | B74: L51-BC43.MT10 | C74: Эл. двигатель ленточного питателя 2 с ПЧТ | D74: Исполнитель | E74: Технологическое оборудование | F74: =VLOOKUP($E74,'Приложение 4'!$B$3:$C$19,2,FALSE) -> т | G74: 0 | I74: 0 | J74: =G74*I74 -> 0
C75: 皮带给料机2电机（含变频器） | D75: 施工方 | E75: 工艺设备
A76: 1.35 | B76: L51-BC44 | C76: Ленточный конвейер подачи угля с бункера 2 ленточного конвейера | D76: Исполнитель | E76: Технологическое оборудование | F76: =VLOOKUP($E76,'Приложение 4'!$B$3:$C$19,2,FALSE) -> т | G76: 5.5 | I76: 0 | J76: =G76*I76 -> 0
C77: 从2号料斗至皮带输送机的输煤皮带输送机 | D77: 施工方 | E77: 工艺设备
A78: 1.36 | B78: L51-BC44.MT10 | C78: Эл. двигатель ленточного конвейера | D78: Исполнитель | E78: Технологическое оборудование | F78: =VLOOKUP($E78,'Приложение 4'!$B$3:$C$19,2,FALSE) -> т | G78: 0 | I78: 0 | J78: =G78*I78 -> 0
C79: 皮带输送机电机 | D79: 施工方 | E79: 工艺设备
A80: 1.37 | B80: L51-DG47 | C80: Переключатель потока (уголь / известняк) со сервопривод Переключателя потока (уголь / известняк) | D80: Исполнитель | E80: Технологическое оборудование | F80: =VLOOKUP($E80,'Приложение 4'!$B$3:$C$19,2,FALSE) -> т | G80: 0.6 | I80: 0 | J80: =G80*I80 -> 0
C81: （煤/石灰石）物料换向器（含伺服执行器） | D81: 施工方 | E81: 工艺设备
A82: 1.38 | B82: L51-DG47.SV10 | C82: сервопривод Переключателя потока (уголь / известняк) | D82: Исполнитель | E82: Технологическое оборудование | F82: =VLOOKUP($E82,'Приложение 4'!$B$3:$C$19,2,FALSE) -> т | G82: 0 | I82: 0 | J82: =G82*I82 -> 0
C83: （煤/石灰石）换向器伺服执行器 | D83: 施工方 | E83: 工艺设备
A84: 1.39 | B84: L51-DG47.GT10 | C84: Затвор грузовой 600*600 | D84: Исполнитель | E84: Технологическое оборудование | F84: =VLOOKUP($E84,'Приложение 4'!$B$3:$C$19,2,FALSE) -> т | G84: 0.3 | I84: 0 | J84: =G84*I84 -> 0
C85: 600×600卸料闸板 | D85: 施工方 | E85: 工艺设备
A86: 1.40 | B86: L51-BE49 | C86: Элеватор выгрузки СБ с двигателем | D86: Исполнитель | E86: Технологическое оборудование | F86: =VLOOKUP($E86,'Приложение 4'!$B$3:$C$19,2,FALSE) -> т | G86: 9 | I86: 0 | J86: =G86*I86 -> 0
C87: SB卸料提升机（含电机） | D87: 施工方 | E87: 工艺设备
A88: 1.41 | B88: L51-BE49.MT10 | C88: Эл. двигатель Цепной ковшовый элеватора | D88: Исполнитель | E88: Технологическое оборудование | F88: =VLOOKUP($E88,'Приложение 4'!$B$3:$C$19,2,FALSE) -> т | G88: 0 | I88: 0 | J88: =G88*I88 -> 0
C89: 链斗提升机电机 | D89: 施工方 | E89: 工艺设备
A90: 1.42 | B90: L51-RC4A. | C90: двухвалковая дробилка | D90: Исполнитель | E90: Технологическое оборудование | F90: =VLOOKUP($E90,'Приложение 4'!$B$3:$C$19,2,FALSE) -> т | G90: 8.5 | I90: 0 | J90: =G90*I90 -> 0
C91: 双辊破碎机 | D91: 施工方 | E91: 工艺设备
A92: 1.43 | B92: L51-RC4A.MT10 L51-RC4A.MT20 | C92: двигатель двухвалковой дробилки | D92: Исполнитель | E92: Технологическое оборудование | F92: =VLOOKUP($E92,'Приложение 4'!$B$3:$C$19,2,FALSE) -> т | G92: 0 | I92: 0 | J92: =G92*I92 -> 0
C93: 双辊破碎机电机 | D93: 施工方 | E93: 工艺设备
A94: 1.44 | B94: L51-BC48 | C94: Конвейер ленточный сухого угля №1 | D94: Исполнитель | E94: Технологическое оборудование | F94: =VLOOKUP($E94,'Приложение 4'!$B$3:$C$19,2,FALSE) -> т | G94: 5 | I94: 0 | J94: =G94*I94 -> 0
C95: 干煤№1皮带输送机 | D95: 施工方 | E95: 工艺设备
A96: 1.45 | B96: L51-BC48.MT10 | C96: Эл. двигатель конвейер ленточный сухого угля№1 | D96: Исполнитель | E96: Технологическое оборудование | F96: =VLOOKUP($E96,'Приложение 4'!$B$3:$C$19,2,FALSE) -> т | G96: 0 | I96: 0 | J96: =G96*I96 -> 0
C97: 干煤№1皮带输送机电机 | D97: 施工方 | E97: 工艺设备
A98: 1.46 | B98: L51-BC48.MS10 | C98: Уловитель инородных тел Уловитель инородных тел (с автоматическим магнитным сепаратором) | D98: Исполнитель | E98: Технологическое оборудование | F98: =VLOOKUP($E98,'Приложение 4'!$B$3:$C$19,2,FALSE) -> т | G98: 2 | I98: 0 | J98: =G98*I98 -> 0
C99: 异物捕集器（含自动磁力分离器） | D99: 施工方 | E99: 工艺设备
A100: 1.47 | B100: L91-3S50.YX11 L91-3S50.YX12 L91-3S50.YX13 L91-3S50.YX14 | C100: Тензодатчики силоса сухого угля RTN 33t C3 | D100: Исполнитель | E100: Технологическое оборудование | F100: =VLOOKUP($E100,'Приложение 4'!$B$3:$C$19,2,FALSE) -> т | G100: 0.06 | I100: 0 | J100: =G100*I100 -> 0
...
